{
  "SafeHandle": null,
  "Handle": null,
  "BasePriority": 8,
  "ExitCode": null,
  "HasExited": null,
  "StartTime": null,
  "ExitTime": null,
  "Id": 4476,
  "MachineName": ".",
  "MaxWorkingSet": null,
  "MinWorkingSet": null,
  "Modules": null,
  "NonpagedSystemMemorySize64": 11944,
  "NonpagedSystemMemorySize": 11944,
  "PagedMemorySize64": 3117056,
  "PagedMemorySize": 3117056,
  "PagedSystemMemorySize64": 80800,
  "PagedSystemMemorySize": 80800,
  "PeakPagedMemorySize64": 3477504,
  "PeakPagedMemorySize": 3477504,
  "PeakWorkingSet64": 8179712,
  "PeakWorkingSet": 8179712,
  "PeakVirtualMemorySize64": 51044352,
  "PeakVirtualMemorySize": 51044352,
  "PriorityBoostEnabled": null,
  "PriorityClass": null,
  "PrivateMemorySize64": 3117056,
  "PrivateMemorySize": 3117056,
  "ProcessName": "aaHMSvc",
  "ProcessorAffinity": null,
  "SessionId": 0,
  "StartInfo": null,
  "Threads": [
    {
      "BasePriority": 8,
      "CurrentPriority": 10,
      "Id": 4480,
      "PriorityBoostEnabled": null,
      "PriorityLevel": null,
      "StartAddress": {
        "value": 0
      },
      "ThreadState": 5,
      "WaitReason": 6,
      "PrivilegedProcessorTime": null,
      "StartTime": null,
      "TotalProcessorTime": null,
      "UserProcessorTime": null,
      "Site": null,
      "Container": null
    },
    {
      "BasePriority": 8,
      "CurrentPriority": 9,
      "Id": 5268,
      "PriorityBoostEnabled": null,
      "PriorityLevel": null,
      "StartAddress": {
        "value": 140708782766768
      },
      "ThreadState": 5,
      "WaitReason": 6,
      "PrivilegedProcessorTime": null,
      "StartTime": null,
      "TotalProcessorTime": null,
      "UserProcessorTime": null,
      "Site": null,
      "Container": null
    },
    {
      "BasePriority": 8,
      "CurrentPriority": 9,
      "Id": 5564,
      "PriorityBoostEnabled": null,
      "PriorityLevel": null,
      "StartAddress": {
        "value": 140708782766768
      },
      "ThreadState": 5,
      "WaitReason": 6,
      "PrivilegedProcessorTime": null,
      "StartTime": null,
      "TotalProcessorTime": null,
      "UserProcessorTime": null,
      "Site": null,
      "Container": null
    },
    {
      "BasePriority": 8,
      "CurrentPriority": 10,
      "Id": 5624,
      "PriorityBoostEnabled": null,
      "PriorityLevel": null,
      "StartAddress": {
        "value": 140708782766768
      },
      "ThreadState": 5,
      "WaitReason": 6,
      "PrivilegedProcessorTime": null,
      "StartTime": null,
      "TotalProcessorTime": null,
      "UserProcessorTime": null,
      "Site": null,
      "Container": null
    },
    {
      "BasePriority": 8,
      "CurrentPriority": 9,
      "Id": 16324,
      "PriorityBoostEnabled": null,
      "PriorityLevel": null,
      "StartAddress": {
        "value": 140708782766768
      },
      "ThreadState": 5,
      "WaitReason": 8,
      "PrivilegedProcessorTime": null,
      "StartTime": null,
      "TotalProcessorTime": null,
      "UserProcessorTime": null,
      "Site": null,
      "Container": null
    }
  ],
  "HandleCount": 159,
  "VirtualMemorySize64": 44490752,
  "VirtualMemorySize": 44490752,
  "EnableRaisingEvents": false,
  "StandardInput": null,
  "StandardOutput": null,
  "StandardError": null,
  "WorkingSet64": 7397376,
  "WorkingSet": 7397376,
  "SynchronizingObject": null,
  "MainModule": null,
  "PrivilegedProcessorTime": null,
  "TotalProcessorTime": null,
  "UserProcessorTime": null,
  "MainWindowHandle": {
    "value": 0
  },
  "MainWindowTitle": "",
  "Responding": true,
  "Site": null,
  "Container": null,
  "Name": "aaHMSvc",
  "SI": 0,
  "Handles": 159,
  "VM": 44490752,
  "WS": 7397376,
  "PM": 3117056,
  "NPM": 11944,
  "Path": null,
  "Parent": null,
  "Company": null,
  "CPU": null,
  "FileVersion": null,
  "ProductVersion": null,
  "Description": null,
  "Product": null,
  "__NounName": "Process"
}
