{
    "BasePriority":  8,
    "ExitCode":  null,
    "HasExited":  null,
    "ExitTime":  null,
    "Handle":  null,
    "SafeHandle":  null,
    "HandleCount":  159,
    "Id":  4476,
    "MachineName":  ".",
    "MainWindowHandle":  0,
    "MainWindowTitle":  "",
    "MainModule":  null,
    "MaxWorkingSet":  null,
    "MinWorkingSet":  null,
    "Modules":  null,
    "NonpagedSystemMemorySize":  11944,
    "NonpagedSystemMemorySize64":  11944,
    "PagedMemorySize":  3117056,
    "PagedMemorySize64":  3117056,
    "PagedSystemMemorySize":  80800,
    "PagedSystemMemorySize64":  80800,
    "PeakPagedMemorySize":  3477504,
    "PeakPagedMemorySize64":  3477504,
    "PeakWorkingSet":  8179712,
    "PeakWorkingSet64":  8179712,
    "PeakVirtualMemorySize":  51044352,
    "PeakVirtualMemorySize64":  51044352,
    "PriorityBoostEnabled":  null,
    "PriorityClass":  null,
    "PrivateMemorySize":  3117056,
    "PrivateMemorySize64":  3117056,
    "PrivilegedProcessorTime":  null,
    "ProcessName":  "aaHMSvc",
    "ProcessorAffinity":  null,
    "Responding":  true,
    "SessionId":  0,
    "StartInfo":  {
                      "Verb":  "",
                      "Arguments":  "",
                      "CreateNoWindow":  false,
                      "EnvironmentVariables":  [
                                                   "System.Collections.DictionaryEntry",
                                                   "System.Collections.DictionaryEntry",
                                                   "System.Collections.DictionaryEntry",
                                                   "System.Collections.DictionaryEntry",
                                                   "System.Collections.DictionaryEntry",
                                                   "System.Collections.DictionaryEntry",
                                                   "System.Collections.DictionaryEntry",
                                                   "System.Collections.DictionaryEntry",
                                                   "System.Collections.DictionaryEntry",
                                                   "System.Collections.DictionaryEntry",
                                                   "System.Collections.DictionaryEntry",
                                                   "System.Collections.DictionaryEntry",
                                                   "System.Collections.DictionaryEntry",
                                                   "System.Collections.DictionaryEntry",
                                                   "System.Collections.DictionaryEntry",
                                                   "System.Collections.DictionaryEntry",
                                                   "System.Collections.DictionaryEntry",
                                                   "System.Collections.DictionaryEntry",
                                                   "System.Collections.DictionaryEntry",
                                                   "System.Collections.DictionaryEntry",
                                                   "System.Collections.DictionaryEntry",
                                                   "System.Collections.DictionaryEntry",
                                                   "System.Collections.DictionaryEntry",
                                                   "System.Collections.DictionaryEntry",
                                                   "System.Collections.DictionaryEntry",
                                                   "System.Collections.DictionaryEntry",
                                                   "System.Collections.DictionaryEntry",
                                                   "System.Collections.DictionaryEntry",
                                                   "System.Collections.DictionaryEntry",
                                                   "System.Collections.DictionaryEntry",
                                                   "System.Collections.DictionaryEntry",
                                                   "System.Collections.DictionaryEntry",
                                                   "System.Collections.DictionaryEntry",
                                                   "System.Collections.DictionaryEntry",
                                                   "System.Collections.DictionaryEntry",
                                                   "System.Collections.DictionaryEntry",
                                                   "System.Collections.DictionaryEntry",
                                                   "System.Collections.DictionaryEntry",
                                                   "System.Collections.DictionaryEntry",
                                                   "System.Collections.DictionaryEntry",
                                                   "System.Collections.DictionaryEntry",
                                                   "System.Collections.DictionaryEntry",
                                                   "System.Collections.DictionaryEntry",
                                                   "System.Collections.DictionaryEntry",
                                                   "System.Collections.DictionaryEntry",
                                                   "System.Collections.DictionaryEntry",
                                                   "System.Collections.DictionaryEntry",
                                                   "System.Collections.DictionaryEntry",
                                                   "System.Collections.DictionaryEntry",
                                                   "System.Collections.DictionaryEntry",
                                                   "System.Collections.DictionaryEntry",
                                                   "System.Collections.DictionaryEntry",
                                                   "System.Collections.DictionaryEntry",
                                                   "System.Collections.DictionaryEntry",
                                                   "System.Collections.DictionaryEntry",
                                                   "System.Collections.DictionaryEntry",
                                                   "System.Collections.DictionaryEntry",
                                                   "System.Collections.DictionaryEntry",
                                                   "System.Collections.DictionaryEntry",
                                                   "System.Collections.DictionaryEntry",
                                                   "System.Collections.DictionaryEntry",
                                                   "System.Collections.DictionaryEntry",
                                                   "System.Collections.DictionaryEntry",
                                                   "System.Collections.DictionaryEntry",
                                                   "System.Collections.DictionaryEntry",
                                                   "System.Collections.DictionaryEntry",
                                                   "System.Collections.DictionaryEntry",
                                                   "System.Collections.DictionaryEntry"
                                               ],
                      "Environment":  [
                                          "[ConEmuBaseDir, C:\\Program Files\\ConEmu\\ConEmu]",
                                          "[ConEmuConfig, ]",
                                          "[ConEmuArgs, ]",
                                          "[PROCESSOR_REVISION, 4501]",
                                          "[PROCESSOR_IDENTIFIER, Intel64 Family 6 Model 69 Stepping 1, GenuineIntel]",
                                          "[ConEmuANSI, ON]",
                                          "[ProgramData, C:\\ProgramData]",
                                          "[SystemRoot, C:\\WINDOWS]",
                                          "[ConEmuBuild, 171109]",
                                          "[ConEmuCfgDir, C:\\Users\\roman.THEGALAXY\\AppData\\Roaming]",
                                          "[Path, C:\\Program Files\\ConEmu\\ConEmu\\Scripts;C:\\Program Files\\ConEmu;C:\\Program Files\\ConEmu\\ConEmu;C:\\Program Files (x86)\\Common Files\\Oracle\\Java\\javapath;C:\\ProgramData\\Oracle\\Java\\javapath;C:\\WINDOWS\\system32;C:\\WINDOWS;C:\\WINDOWS\\System32\\Wbem;C:\\WINDOWS\\System32\\WindowsPowerShell\\v1.0\\;C:\\Program Files\\Lenovo\\Fingerprint Manager Pro\\;C:\\Program Files\\Microsoft\\Web Platform Installer\\;C:\\ProgramData\\chocolatey\\bin;C:\\Program Files (x86)\\Skype\\Phone\\;C:\\Program Files\\WindowsPowerShell\\Scripts;C:\\Program Files\\dotnet\\;C:\\Program Files\\Microsoft SQL Server\\130\\Tools\\Binn\\;C:\\WINDOWS\\system32;C:\\WINDOWS;C:\\WINDOWS\\System32\\Wbem;C:\\WINDOWS\\System32\\WindowsPowerShell\\v1.0\\;C:\\WINDOWS\\System32\\OpenSSH\\;C:\\Program Files\\nodejs\\;C:\\Program Files\\Microsoft VS Code\\bin;C:\\Program Files\\Intel\\WiFi\\bin\\;C:\\Program Files\\Common Files\\Intel\\WirelessCommon\\;C:\\Program Files\\PowerShell\\6\\;C:\\ProgramData\\Oracle\\Java\\javapath;C:\\WINDOWS\\system32;C:\\WINDOWS;C:\\WINDOWS\\System32\\Wbem;C:\\WINDOWS\\System32\\WindowsPowerShell\\v1.0\\;C:\\Program Files\\Lenovo\\Fingerprint Manager Pro\\;C:\\Program Files (x86)\\Skype\\Phone\\;C:\\Program Files\\Microsoft\\Web Platform Installer\\;C:\\Program Files\\Git\\cmd;C:\\Program Files\\Intel\\WiFi\\bin\\;C:\\Program Files\\Common Files\\Intel\\WirelessCommon\\;C:\\Users\\roman.THEGALAXY\\AppData\\Local\\Microsoft\\WindowsApps;c:\\transfer;C:\\Users\\roman.THEGALAXY\\AppData\\Roaming\\npm;;C:\\Users\\roman.THEGALAXY\\AppData\\Local\\Programs\\Fiddler;%USERPROFILE%\\AppData\\Local\\Microsoft\\WindowsApps;C:\\Users\\roman.THEGALAXY\\.dotnet\\tools]",
                                          "[ProgramFiles, C:\\Program Files]",
                                          "[FPS_BROWSER_USER_PROFILE_STRING, Default]",
                                          "[PATHEXT, .COM;.EXE;.BAT;.CMD;.VBS;.VBE;.JS;.JSE;.WSF;.WSH;.MSC;.CPL]",
                                          "[CommonProgramW6432, C:\\Program Files\\Common Files]",
                                          "[USERDOMAIN_ROAMINGPROFILE, THEGALAXY]",
                                          "[ConEmuBaseDirShort, C:\\PROGRA~1\\ConEmu\\ConEmu]",
                                          "[USERPROFILE, C:\\Users\\roman.THEGALAXY]",
                                          "[USERNAME, roman]",
                                          "[ConEmuAnsiLog, ]",
                                          "[ANSICON, 111x1000 (111x28)]",
                                          "[windir, C:\\WINDOWS]",
                                          "[OS, Windows_NT]",
                                          "[TVT, C:\\Program Files (x86)\\Lenovo]",
                                          "[DriverData, C:\\Windows\\System32\\Drivers\\DriverData]",
                                          "[ANSICON_DEF, 56]",
                                          "[LOGONSERVER, \\\\ROSALIND]",
                                          "[ConEmuWorkDrive, C:]",
                                          "[SESSIONNAME, Console]",
                                          "[ConEmuArgs2, ]",
                                          "[PUBLIC, C:\\Users\\Public]",
                                          "[HOMEDRIVE, C:]",
                                          "[ConEmuDrive, C:]",
                                          "[ConEmuWorkDir, C:\\Users\\roman.THEGALAXY]",
                                          "[USERDNSDOMAIN, THEGALAXY.LOCAL]",
                                          "[ConEmuDir, C:\\Program Files\\ConEmu]",
                                          "[APPDATA, C:\\Users\\roman.THEGALAXY\\AppData\\Roaming]",
                                          "[NUMBER_OF_PROCESSORS, 4]",
                                          "[ConEmuPalette, \u003cPowerShell\u003e]",
                                          "[PROCESSOR_ARCHITECTURE, AMD64]",
                                          "[TMP, C:\\Users\\ROMAN~1.THE\\AppData\\Local\\Temp]",
                                          "[ConEmuTask, {PS-Win::User}]",
                                          "[OneDrive, C:\\Users\\roman.THEGALAXY\\OneDrive - Provance Technologies]",
                                          "[ConEmuHooks, Enabled]",
                                          "[PROCESSOR_LEVEL, 6]",
                                          "[ConEmuHWND, 0x00460BD8]",
                                          "[ConEmuDrawHWND, 0x0034101E]",
                                          "[TEMP, C:\\Users\\ROMAN~1.THE\\AppData\\Local\\Temp]",
                                          "[FPS_BROWSER_APP_PROFILE_STRING, Internet Explorer]",
                                          "[CommonProgramFiles, C:\\Program Files\\Common Files]",
                                          "[ALLUSERSPROFILE, C:\\ProgramData]",
                                          "[PSModulePath, C:\\Users\\roman.THEGALAXY\\Documents\\WindowsPowerShell\\Modules;C:\\Program Files\\WindowsPowerShell\\Modules;C:\\WINDOWS\\system32\\WindowsPowerShell\\v1.0\\Modules\\;]",
                                          "[ComSpec, C:\\WINDOWS\\system32\\cmd.exe]",
                                          "[ChocolateyInstall, C:\\ProgramData\\chocolatey]",
                                          "[ConEmuBackHWND, 0x002B0404]",
                                          "[ConEmuServerPID, 17264]",
                                          "[ProgramW6432, C:\\Program Files]",
                                          "[CommonProgramFiles(x86), C:\\Program Files (x86)\\Common Files]",
                                          "[LOCALAPPDATA, C:\\Users\\roman.THEGALAXY\\AppData\\Local]",
                                          "[USERDOMAIN, THEGALAXY]",
                                          "[SystemDrive, C:]",
                                          "[HOMEPATH, \\Users\\roman.THEGALAXY]",
                                          "[ProgramFiles(x86), C:\\Program Files (x86)]",
                                          "[FP_NO_HOST_CHECK, NO]",
                                          "[COMPUTERNAME, CRESSIDA]",
                                          "[ConEmuPID, 6188]",
                                          "[VS140COMNTOOLS, C:\\Program Files (x86)\\Microsoft Visual Studio 14.0\\Common7\\Tools\\]",
                                          "[ChocolateyPath, C:\\Chocolatey]"
                                      ],
                      "RedirectStandardInput":  false,
                      "RedirectStandardOutput":  false,
                      "RedirectStandardError":  false,
                      "StandardErrorEncoding":  null,
                      "StandardOutputEncoding":  null,
                      "UseShellExecute":  true,
                      "Verbs":  [

                                ],
                      "UserName":  "",
                      "Password":  null,
                      "PasswordInClearText":  null,
                      "Domain":  "",
                      "LoadUserProfile":  false,
                      "FileName":  "",
                      "WorkingDirectory":  "",
                      "ErrorDialog":  false,
                      "ErrorDialogParentHandle":  0,
                      "WindowStyle":  0
                  },
    "StartTime":  null,
    "SynchronizingObject":  null,
    "Threads":  [
                    {
                        "BasePriority":  8,
                        "CurrentPriority":  10,
                        "Id":  4480,
                        "PriorityBoostEnabled":  null,
                        "PriorityLevel":  null,
                        "PrivilegedProcessorTime":  null,
                        "StartAddress":  0,
                        "StartTime":  null,
                        "ThreadState":  5,
                        "TotalProcessorTime":  null,
                        "UserProcessorTime":  null,
                        "WaitReason":  6,
                        "Site":  null,
                        "Container":  null
                    },
                    {
                        "BasePriority":  8,
                        "CurrentPriority":  9,
                        "Id":  5268,
                        "PriorityBoostEnabled":  null,
                        "PriorityLevel":  null,
                        "PrivilegedProcessorTime":  null,
                        "StartAddress":  140708782766768,
                        "StartTime":  null,
                        "ThreadState":  5,
                        "TotalProcessorTime":  null,
                        "UserProcessorTime":  null,
                        "WaitReason":  6,
                        "Site":  null,
                        "Container":  null
                    },
                    {
                        "BasePriority":  8,
                        "CurrentPriority":  9,
                        "Id":  5564,
                        "PriorityBoostEnabled":  null,
                        "PriorityLevel":  null,
                        "PrivilegedProcessorTime":  null,
                        "StartAddress":  140708782766768,
                        "StartTime":  null,
                        "ThreadState":  5,
                        "TotalProcessorTime":  null,
                        "UserProcessorTime":  null,
                        "WaitReason":  6,
                        "Site":  null,
                        "Container":  null
                    },
                    {
                        "BasePriority":  8,
                        "CurrentPriority":  10,
                        "Id":  5624,
                        "PriorityBoostEnabled":  null,
                        "PriorityLevel":  null,
                        "PrivilegedProcessorTime":  null,
                        "StartAddress":  140708782766768,
                        "StartTime":  null,
                        "ThreadState":  5,
                        "TotalProcessorTime":  null,
                        "UserProcessorTime":  null,
                        "WaitReason":  6,
                        "Site":  null,
                        "Container":  null
                    },
                    {
                        "BasePriority":  8,
                        "CurrentPriority":  9,
                        "Id":  16324,
                        "PriorityBoostEnabled":  null,
                        "PriorityLevel":  null,
                        "PrivilegedProcessorTime":  null,
                        "StartAddress":  140708782766768,
                        "StartTime":  null,
                        "ThreadState":  5,
                        "TotalProcessorTime":  null,
                        "UserProcessorTime":  null,
                        "WaitReason":  8,
                        "Site":  null,
                        "Container":  null
                    }
                ],
    "TotalProcessorTime":  null,
    "UserProcessorTime":  null,
    "VirtualMemorySize":  44490752,
    "VirtualMemorySize64":  44490752,
    "EnableRaisingEvents":  false,
    "StandardInput":  null,
    "StandardOutput":  null,
    "StandardError":  null,
    "WorkingSet":  7397376,
    "WorkingSet64":  7397376,
    "Site":  null,
    "Container":  null,
    "Name":  "aaHMSvc",
    "SI":  0,
    "Handles":  159,
    "VM":  44490752,
    "WS":  7397376,
    "PM":  3117056,
    "NPM":  11944,
    "Path":  null,
    "Company":  null,
    "CPU":  null,
    "FileVersion":  null,
    "ProductVersion":  null,
    "Description":  null,
    "Product":  null,
    "__NounName":  "Process"
}
